start_timestamp,end_timestamp,duration_s,max_speed_kmh,min_acceleration_mps2,avg_throttle_pct
2023-07-30 12:01:07.465000+00:00,2023-07-30 12:10:10.748000+00:00,543.283,0,0.0,99.9496475327291
2023-07-30 12:10:43.148000+00:00,2023-07-30 12:10:44.588000+00:00,1.44,63,-5.208333333333337,0.0
2023-07-30 12:10:51.747000+00:00,2023-07-30 12:10:51.747000+00:00,0.0,38,0.0,0.0
2023-07-30 12:11:06.027000+00:00,2023-07-30 12:11:06.228000+00:00,0.201,283,-2.77777777777775,85.5
2023-07-30 12:11:19.267000+00:00,2023-07-30 12:11:19.267000+00:00,0.0,295,-2.3148148148148215,100.0
2023-07-30 12:11:19.908000+00:00,2023-07-30 12:11:22.708000+00:00,2.8,294,-28.472222222222232,14.25
2023-07-30 12:11:23.948000+00:00,2023-07-30 12:11:24.188000+00:00,0.24,151,-4.629629629629614,34.5
2023-07-30 12:11:26.908000+00:00,2023-07-30 12:11:26.908000+00:00,0.0,184,-2.604166666666674,51.0
2023-07-30 12:11:31.867000+00:00,2023-07-30 12:11:34.788000+00:00,2.9210000000000003,246,-36.45833333333335,1.0
2023-07-30 12:11:35.348000+00:00,2023-07-30 12:11:35.708000+00:00,0.36,116,-2.3148148148148118,19.0
2023-07-30 12:11:38.867000+00:00,2023-07-30 12:11:39.748000+00:00,0.881,199,-12.5,33.2
2023-07-30 12:11:47.348000+00:00,2023-07-30 12:11:48.668000+00:00,1.32,279,-8.680555555555536,48.0
2023-07-30 12:11:49.468000+00:00,2023-07-30 12:11:49.828000+00:00,0.36,243,-4.166666666666643,28.666666666666668
2023-07-30 12:11:56.268000+00:00,2023-07-30 12:11:58.508000+00:00,2.24,266,-22.569444444444436,12.555555555555555
2023-07-30 12:12:00.828000+00:00,2023-07-30 12:12:00.828000+00:00,0.0,180,-3.472222222222203,37.0
2023-07-30 12:12:01.428000+00:00,2023-07-30 12:12:01.428000+00:00,0.0,175,-2.5252525252525326,57.0
2023-07-30 12:12:04.828000+00:00,2023-07-30 12:12:06.828000+00:00,2.0,228,-25.886101154918354,8.11111111111111
2023-07-30 12:12:23.988000+00:00,2023-07-30 12:12:23.988000+00:00,0.0,305,-4.629629629629643,100.0
2023-07-30 12:12:24.948000+00:00,2023-07-30 12:12:24.948000+00:00,0.0,301,-3.472222222222203,100.0
2023-07-30 12:12:28.028000+00:00,2023-07-30 12:12:28.028000+00:00,0.0,296,-3.472222222222232,100.0
2023-07-30 12:12:28.828000+00:00,2023-07-30 12:12:32.268000+00:00,3.44,291,-43.05555555555557,1.1333333333333333
2023-07-30 12:12:32.628000+00:00,2023-07-30 12:12:32.868000+00:00,0.24,67,-2.7777777777777857,23.0
2023-07-30 12:12:34.108000+00:00,2023-07-30 12:12:34.108000+00:00,0.0,61,-2.7777777777777857,0.0
2023-07-30 12:12:35.148000+00:00,2023-07-30 12:12:35.148000+00:00,0.0,54,-3.4722222222222174,0.0
2023-07-30 12:13:14.708000+00:00,2023-07-30 12:13:16.028000+00:00,1.32,59,-5.787037037037039,0.0
2023-07-30 12:13:17.108000+00:00,2023-07-30 12:13:18.109000+00:00,1.001,30,-5.555555555555554,0.0
2023-07-30 12:13:34.188000+00:00,2023-07-30 12:13:44.229000+00:00,10.041,10,-2.8935185185185186,20.8125
2023-07-30 12:13:56.268000+00:00,2023-07-30 12:13:56.268000+00:00,0.0,295,-3.472222222222203,100.0
2023-07-30 12:14:07.588000+00:00,2023-07-30 12:14:07.588000+00:00,0.0,302,-2.3148148148148215,100.0
2023-07-30 12:14:10.469000+00:00,2023-07-30 12:14:13.028000+00:00,2.559,284,-33.33333333333336,10.2
2023-07-30 12:14:14.468000+00:00,2023-07-30 12:14:14.468000+00:00,0.0,146,-3.7878787878787823,42.0
2023-07-30 12:14:22.108000+00:00,2023-07-30 12:14:24.949000+00:00,2.841,246,-28.472222222222214,2.1818181818181817
2023-07-30 12:14:28.828000+00:00,2023-07-30 12:14:30.068000+00:00,1.24,198,-7.936507936507933,36.333333333333336
2023-07-30 12:14:36.949000+00:00,2023-07-30 12:14:38.189000+00:00,1.24,281,-10.912698412698417,51.8
2023-07-30 12:14:45.949000+00:00,2023-07-30 12:14:48.588000+00:00,2.6390000000000002,271,-37.037037037037024,11.8
2023-07-30 12:14:50.669000+00:00,2023-07-30 12:14:50.669000+00:00,0.0,177,-8.101851851851846,44.0
2023-07-30 12:14:54.348000+00:00,2023-07-30 12:14:56.469000+00:00,2.121,230,-26.04166666666665,13.666666666666666
2023-07-30 12:15:13.828000+00:00,2023-07-30 12:15:13.828000+00:00,0.0,305,-2.3148148148148215,100.0
2023-07-30 12:15:14.308000+00:00,2023-07-30 12:15:14.308000+00:00,0.0,302,-2.3148148148148215,100.0
2023-07-30 12:15:17.509000+00:00,2023-07-30 12:15:21.988000+00:00,4.479,294,-32.40740740740741,2.0
2023-07-30 12:15:22.428000+00:00,2023-07-30 12:15:22.428000+00:00,0.0,60,-2.976190476190472,13.0
2023-07-30 12:15:25.309000+00:00,2023-07-30 12:15:25.309000+00:00,0.0,59,-2.777777777777777,5.0
2023-07-30 12:15:29.709000+00:00,2023-07-30 12:15:31.589000+00:00,1.88,97,-11.574074074074067,0.0
2023-07-30 12:15:32.109000+00:00,2023-07-30 12:15:32.109000+00:00,0.0,50,-2.777777777777777,1.0
2023-07-30 12:15:57.349000+00:00,2023-07-30 12:15:59.229000+00:00,1.88,48,-2.8935185185185195,0.0
2023-07-30 12:15:59.629000+00:00,2023-07-30 12:15:59.869000+00:00,0.24,36,-1.1574074074074108,0.0
2023-07-30 12:16:10.869000+00:00,2023-07-30 12:16:26.149000+00:00,15.28,23,-5.208333333333333,10.275862068965518
2023-07-30 12:16:38.309000+00:00,2023-07-30 12:16:38.309000+00:00,0.0,294,-2.7777777777777146,100.0
2023-07-30 12:16:50.189000+00:00,2023-07-30 12:16:50.189000+00:00,0.0,300,-2.7777777777777857,100.0
2023-07-30 12:16:52.429000+00:00,2023-07-30 12:16:54.788000+00:00,2.359,296,-36.11111111111112,7.3
2023-07-30 12:16:56.109000+00:00,2023-07-30 12:16:56.509000+00:00,0.4,157,-4.166666666666643,29.666666666666668
2023-07-30 12:16:58.709000+00:00,2023-07-30 12:16:58.709000+00:00,0.0,192,1.7361111111110716,64.0
2023-07-30 12:16:59.269000+00:00,2023-07-30 12:16:59.269000+00:00,0.0,188,-2.3148148148148215,54.0
2023-07-30 12:17:03.989000+00:00,2023-07-30 12:17:06.669000+00:00,2.68,246,-33.33333333333332,1.75
2023-07-30 12:17:07.109000+00:00,2023-07-30 12:17:07.269000+00:00,0.16,117,-5.208333333333348,0.0
2023-07-30 12:17:10.869000+00:00,2023-07-30 12:17:11.869000+00:00,1.0,197,-8.333333333333357,38.5
2023-07-30 12:17:12.829000+00:00,2023-07-30 12:17:12.829000+00:00,0.0,178,-2.3148148148148215,53.0
2023-07-30 12:17:19.189000+00:00,2023-07-30 12:17:20.069000+00:00,0.88,271,-9.02777777777775,43.0
2023-07-30 12:17:27.830000+00:00,2023-07-30 12:17:30.189000+00:00,2.359,282,-44.16550441655045,5.375
2023-07-30 12:17:30.669000+00:00,2023-07-30 12:17:30.669000+00:00,0.0,157,-3.472222222222232,50.0
2023-07-30 12:17:32.589000+00:00,2023-07-30 12:17:32.829000+00:00,0.24,181,-5.208333333333304,30.0
2023-07-30 12:17:36.429000+00:00,2023-07-30 12:17:38.389000+00:00,1.96,229,-20.83333333333333,13.75
2023-07-30 12:17:55.629000+00:00,2023-07-30 12:17:55.629000+00:00,0.0,307,-2.3148148148148215,100.0
2023-07-30 12:17:56.149000+00:00,2023-07-30 12:17:59.589000+00:00,3.44,303,-6.944444444444464,0.8461538461538461
2023-07-30 12:18:00.229000+00:00,2023-07-30 12:18:03.909000+00:00,3.68,224,-26.04166666666665,0.0
2023-07-30 12:18:04.589000+00:00,2023-07-30 12:18:04.589000+00:00,0.0,81,-2.8935185185185195,0.0
2023-07-30 12:18:05.109000+00:00,2023-07-30 12:18:05.629000+00:00,0.52,74,-6.944444444444446,12.0
2023-07-30 12:18:06.909000+00:00,2023-07-30 12:18:07.149000+00:00,0.24,68,-4.166666666666661,0.0
2023-07-30 12:18:10.869000+00:00,2023-07-30 12:18:10.869000+00:00,0.0,59,-2.777777777777768,0.0
2023-07-30 12:18:11.309000+00:00,2023-07-30 12:18:11.309000+00:00,0.0,56,-2.976190476190478,0.0
2023-07-30 12:18:11.989000+00:00,2023-07-30 12:18:16.669000+00:00,4.68,54,-6.9444444444444455,0.0
2023-07-30 12:18:17.309000+00:00,2023-07-30 12:18:18.429000+00:00,1.12,8,-2.7777777777777777,0.0
2023-07-30 12:18:32.589000+00:00,2023-07-30 12:18:40.069000+00:00,7.48,0,0.0,0.9666666666666667
2023-07-30 12:20:16.069000+00:00,2023-07-30 12:22:31.670000+00:00,135.601,0,0.0,100.0
2023-07-30 12:22:41.030000+00:00,2023-07-30 12:22:48.430000+00:00,7.4,0,0.0,0.0
2023-07-30 12:42:10.794000+00:00,2023-07-30 12:42:18.914000+00:00,8.12,2,-1.54320987654321,0.0
2023-07-30 12:51:37.435000+00:00,2023-07-30 12:51:37.955000+00:00,0.52,0,0.0,1.0
2023-07-30 12:52:04.835000+00:00,2023-07-30 12:52:06.396000+00:00,1.561,0,0.0,0.0
2023-07-30 12:52:08.516000+00:00,2023-07-30 12:52:08.516000+00:00,0.0,0,-2.7777777777777777,0.0
2023-07-30 12:52:09.156000+00:00,2023-07-30 12:52:09.156000+00:00,0.0,0,0.0,0.0
2023-07-30 12:52:34.476000+00:00,2023-07-30 12:53:21.196000+00:00,46.72,0,0.0,0.0
2023-07-30 12:53:32.036000+00:00,2023-07-30 12:53:32.196000+00:00,0.16,2,-3.4722222222222223,0.0
2023-07-30 12:58:44.557000+00:00,2023-07-30 12:58:44.557000+00:00,0.0,0,-2.083333333333333,0.0
2023-07-30 12:58:46.357000+00:00,2023-07-30 12:58:46.357000+00:00,0.0,0,-2.314814814814815,0.0
2023-07-30 12:58:56.597000+00:00,2023-07-30 12:58:57.437000+00:00,0.84,0,0.0,0.0
2023-07-30 12:59:07.957000+00:00,2023-07-30 12:59:23.877000+00:00,15.92,0,0.0,0.0
2023-07-30 12:59:40.318000+00:00,2023-07-30 12:59:40.318000+00:00,0.0,0,0.0,0.0
2023-07-30 12:59:48.157000+00:00,2023-07-30 12:59:51.757000+00:00,3.6,0,0.0,0.0
2023-07-30 12:59:52.237000+00:00,2023-07-30 12:59:53.638000+00:00,1.401,0,0.0,0.0
2023-07-30 13:00:06.958000+00:00,2023-07-30 13:00:08.597000+00:00,1.639,77,-4.960317460317461,0.0
2023-07-30 13:00:13.518000+00:00,2023-07-30 13:00:16.517000+00:00,2.999,129,-12.499999999999982,4.769230769230769
2023-07-30 13:00:16.877000+00:00,2023-07-30 13:00:16.877000+00:00,0.0,55,-2.777777777777777,0.0
2023-07-30 13:00:31.717000+00:00,2023-07-30 13:00:31.717000+00:00,0.0,269,-6.944444444444445,83.0
2023-07-30 13:00:32.757000+00:00,2023-07-30 13:00:32.757000+00:00,0.0,263,-2.604166666666652,100.0
2023-07-30 13:00:39.998000+00:00,2023-07-30 13:00:39.998000+00:00,0.0,279,-3.472222222222232,100.0
2023-07-30 13:00:45.397000+00:00,2023-07-30 13:00:45.397000+00:00,0.0,274,-3.472222222222232,100.0
2023-07-30 13:00:47.198000+00:00,2023-07-30 13:00:49.877000+00:00,2.6790000000000003,272,-32.738095238095255,1.9
2023-07-30 13:00:54.358000+00:00,2023-07-30 13:00:54.598000+00:00,0.24,170,-4.629629629629614,16.0
2023-07-30 13:01:00.278000+00:00,2023-07-30 13:01:02.637000+00:00,2.359,204,-27.77777777777778,0.0
2023-07-30 13:01:03.397000+00:00,2023-07-30 13:01:03.637000+00:00,0.24,111,-3.472222222222232,0.0
2023-07-30 13:01:07.838000+00:00,2023-07-30 13:01:09.197000+00:00,1.359,192,-7.964954201513338,22.0
2023-07-30 13:01:16.197000+00:00,2023-07-30 13:01:17.517000+00:00,1.32,257,-8.928571428571427,25.0
2023-07-30 13:01:25.598000+00:00,2023-07-30 13:01:27.678000+00:00,2.08,272,-27.77777777777775,8.625
2023-07-30 13:01:28.198000+00:00,2023-07-30 13:01:28.597000+00:00,0.399,143,-3.858024691358016,0.0
2023-07-30 13:01:29.197000+00:00,2023-07-30 13:01:29.197000+00:00,0.0,134,-3.472222222222232,12.0
2023-07-30 13:01:30.997000+00:00,2023-07-30 13:01:34.518000+00:00,3.521,136,-6.944444444444442,0.0
2023-07-30 13:01:39.598000+00:00,2023-07-30 13:01:40.798000+00:00,1.2,134,-8.928571428571427,0.0
2023-07-30 13:01:44.477000+00:00,2023-07-30 13:01:46.198000+00:00,1.721,106,-7.936507936507933,0.0
2023-07-30 13:02:00.678000+00:00,2023-07-30 13:02:05.598000+00:00,4.92,284,-23.148148148148156,4.823529411764706
2023-07-30 13:02:06.478000+00:00,2023-07-30 13:02:06.478000+00:00,0.0,71,-2.3148148148148215,0.0
2023-07-30 13:02:13.238000+00:00,2023-07-30 13:02:13.598000+00:00,0.36,75,-2.777777777777768,0.0
2023-07-30 13:02:15.477000+00:00,2023-07-30 13:02:15.477000+00:00,0.0,62,-2.32450023245003,0.0
2023-07-30 13:02:24.157000+00:00,2023-07-30 13:02:24.798000+00:00,0.641,108,-8.89679715302491,8.333333333333334
2023-07-30 13:02:27.958000+00:00,2023-07-30 13:02:31.878000+00:00,3.92,159,-19.097222222222232,0.058823529411764705
2023-07-30 13:02:34.678000+00:00,2023-07-30 13:02:34.678000+00:00,0.0,32,-2.604166666666663,0.0
2023-07-30 13:02:37.397000+00:00,2023-07-30 13:02:38.638000+00:00,1.241,64,-7.694675284702983,0.0
2023-07-30 13:02:39.998000+00:00,2023-07-30 13:02:40.238000+00:00,0.24,33,-2.314814814814814,0.0
2023-07-30 13:02:43.197000+00:00,2023-07-30 13:02:44.718000+00:00,1.521,56,-8.680555555555546,2.2857142857142856
2023-07-30 13:02:45.518000+00:00,2023-07-30 13:02:45.878000+00:00,0.36,27,-1.5432098765432094,0.0
2023-07-30 13:02:46.398000+00:00,2023-07-30 13:02:46.798000+00:00,0.4,27,-3.472222222222221,0.0
2023-07-30 13:02:47.478000+00:00,2023-07-30 13:02:48.118000+00:00,0.64,26,-0.6944444444444442,0.0
2023-07-30 13:02:48.438000+00:00,2023-07-30 13:02:52.198000+00:00,3.76,29,-1.7361111111111105,0.0
2023-07-30 13:02:52.678000+00:00,2023-07-30 13:02:53.678000+00:00,1.0,34,-1.3888888888888928,0.0
2023-07-30 13:02:54.078000+00:00,2023-07-30 13:02:54.438000+00:00,0.36,34,-0.7716049382716071,0.0
2023-07-30 13:02:56.317000+00:00,2023-07-30 13:02:57.077000+00:00,0.76,68,-10.416666666666659,0.0
2023-07-30 13:03:00.078000+00:00,2023-07-30 13:03:01.318000+00:00,1.24,51,-3.858024691358026,0.0
2023-07-30 13:03:04.198000+00:00,2023-07-30 13:03:05.478000+00:00,1.28,87,-8.928571428571427,0.0
2023-07-30 13:03:06.078000+00:00,2023-07-30 13:03:10.037000+00:00,3.959,56,-7.964954201513339,0.0
2023-07-30 13:03:13.398000+00:00,2023-07-30 13:03:18.278000+00:00,4.88,0,0.0,0.0
2023-07-30 13:03:18.678000+00:00,2023-07-30 13:03:20.838000+00:00,2.16,0,0.0,0.0
2023-07-30 13:03:21.478000+00:00,2023-07-30 13:03:46.078000+00:00,24.6,0,0.0,9.4375
2023-07-30 13:03:51.798000+00:00,2023-07-30 13:03:55.438000+00:00,3.64,209,-23.148148148148156,10.3125
2023-07-30 13:03:55.918000+00:00,2023-07-30 13:03:55.918000+00:00,0.0,56,-6.9444444444444375,1.0
2023-07-30 13:04:07.998000+00:00,2023-07-30 13:04:08.838000+00:00,0.84,298,-9.259259259259286,42.5
2023-07-30 13:04:20.518000+00:00,2023-07-30 13:04:20.518000+00:00,0.0,319,-2.3148148148148016,100.0
2023-07-30 13:04:21.918000+00:00,2023-07-30 13:04:25.238000+00:00,3.32,313,-29.320987654320994,8.25
2023-07-30 13:04:34.718000+00:00,2023-07-30 13:04:38.638000+00:00,3.92,250,-32.986111111111114,9.2
2023-07-30 13:04:42.438000+00:00,2023-07-30 13:04:43.718000+00:00,1.28,194,-8.928571428571427,6.833333333333333
2023-07-30 13:04:50.678000+00:00,2023-07-30 13:04:52.198000+00:00,1.52,276,-19.44444444444443,22.666666666666668
2023-07-30 13:04:59.358000+00:00,2023-07-30 13:05:02.719000+00:00,3.3609999999999998,287,-33.564814814814795,15.615384615384615
2023-07-30 13:05:04.878000+00:00,2023-07-30 13:05:05.358000+00:00,0.48,172,-4.1666666666666785,40.0
2023-07-30 13:05:08.678000+00:00,2023-07-30 13:05:11.078000+00:00,2.4,227,-15.277777777777786,16.6
2023-07-30 13:05:15.078000+00:00,2023-07-30 13:05:15.078000+00:00,0.0,229,-3.4722222222222765,53.0
2023-07-30 13:05:15.999000+00:00,2023-07-30 13:05:15.999000+00:00,0.0,228,-3.9541320680110825,49.0
2023-07-30 13:05:27.678000+00:00,2023-07-30 13:05:27.678000+00:00,0.0,314,-2.3148148148148215,80.0
2023-07-30 13:05:28.478000+00:00,2023-07-30 13:05:28.478000+00:00,0.0,312,-2.976190476190459,100.0
2023-07-30 13:05:29.159000+00:00,2023-07-30 13:05:29.159000+00:00,0.0,311,-3.472222222222232,100.0
2023-07-30 13:05:32.318000+00:00,2023-07-30 13:05:36.399000+00:00,4.081,306,-53.819444444444464,8.25
2023-07-30 13:05:38.478000+00:00,2023-07-30 13:05:38.478000+00:00,0.0,74,-2.7777777777777857,0.0
2023-07-30 13:05:38.958000+00:00,2023-07-30 13:05:38.958000+00:00,0.0,69,-4.340277777777768,29.0
2023-07-30 13:05:47.398000+00:00,2023-07-30 13:05:51.038000+00:00,3.64,270,-36.11111111111111,6.866666666666666
2023-07-30 13:06:03.439000+00:00,2023-07-30 13:06:03.918000+00:00,0.479,306,-2.8995592669914108,89.5
2023-07-30 13:06:13.558000+00:00,2023-07-30 13:06:13.558000+00:00,0.0,316,-2.3148148148148215,100.0
2023-07-30 13:06:16.439000+00:00,2023-07-30 13:06:19.478000+00:00,3.039,308,-38.194444444444464,5.0
2023-07-30 13:06:21.038000+00:00,2023-07-30 13:06:21.038000+00:00,0.0,142,-3.472222222222232,37.0
2023-07-30 13:06:29.319000+00:00,2023-07-30 13:06:32.118000+00:00,2.799,221,-26.51515151515151,0.0
2023-07-30 13:06:32.678000+00:00,2023-07-30 13:06:32.678000+00:00,0.0,108,-2.604166666666663,3.0
2023-07-30 13:06:36.319000+00:00,2023-07-30 13:06:37.798000+00:00,1.479,194,-10.416666666666696,32.0
2023-07-30 13:06:44.478000+00:00,2023-07-30 13:06:46.118000+00:00,1.6400000000000001,282,-12.5,28.571428571428573
2023-07-30 13:06:46.478000+00:00,2023-07-30 13:06:46.478000+00:00,0.0,225,-4.166666666666643,55.0
2023-07-30 13:06:53.158000+00:00,2023-07-30 13:06:56.039000+00:00,2.8810000000000002,270,-26.785714285714256,4.3076923076923075
2023-07-30 13:06:59.198000+00:00,2023-07-30 13:06:59.198000+00:00,0.0,166,-5.208333333333348,38.0
2023-07-30 13:07:02.799000+00:00,2023-07-30 13:07:05.118000+00:00,2.319,224,-39.93055555555558,8.8
2023-07-30 13:07:21.999000+00:00,2023-07-30 13:07:22.479000+00:00,0.48,315,-3.472222222222232,78.5
2023-07-30 13:07:22.879000+00:00,2023-07-30 13:07:22.879000+00:00,0.0,308,-2.3148148148148215,100.0
2023-07-30 13:07:23.639000+00:00,2023-07-30 13:07:23.639000+00:00,0.0,305,-2.7777777777777857,100.0
2023-07-30 13:07:26.478000+00:00,2023-07-30 13:07:30.879000+00:00,4.401,299,-33.33333333333336,2.3684210526315788
2023-07-30 13:07:32.038000+00:00,2023-07-30 13:07:32.998000+00:00,0.96,78,-3.472222222222232,5.8
2023-07-30 13:07:42.039000+00:00,2023-07-30 13:07:45.198000+00:00,3.159,249,-45.1388888888889,0.2857142857142857
2023-07-30 13:07:57.599000+00:00,2023-07-30 13:07:57.599000+00:00,0.0,307,-2.7777777777777857,96.0
2023-07-30 13:07:58.158000+00:00,2023-07-30 13:07:58.158000+00:00,0.0,303,-2.791736460078105,100.0
2023-07-30 13:08:11.039000+00:00,2023-07-30 13:08:13.759000+00:00,2.7199999999999998,309,-37.91395852677191,3.5
2023-07-30 13:08:15.159000+00:00,2023-07-30 13:08:15.159000+00:00,0.0,139,-2.3148148148148215,11.0
2023-07-30 13:08:15.639000+00:00,2023-07-30 13:08:15.639000+00:00,0.0,134,-4.1666666666666785,50.0
2023-07-30 13:08:23.359000+00:00,2023-07-30 13:08:26.398000+00:00,3.039,251,-34.722222222222186,0.0
2023-07-30 13:08:26.759000+00:00,2023-07-30 13:08:26.759000+00:00,0.0,106,-5.208333333333348,0.0
2023-07-30 13:08:30.879000+00:00,2023-07-30 13:08:32.158000+00:00,1.279,192,-6.944444444444464,20.5
2023-07-30 13:08:38.958000+00:00,2023-07-30 13:08:40.559000+00:00,1.601,282,-20.833333333333304,21.714285714285715
2023-07-30 13:08:47.719000+00:00,2023-07-30 13:08:50.919000+00:00,3.2,283,-27.08333333333334,10.916666666666666
2023-07-30 13:08:53.279000+00:00,2023-07-30 13:08:53.279000+00:00,0.0,167,-3.968253968253979,37.0
2023-07-30 13:08:53.719000+00:00,2023-07-30 13:08:53.719000+00:00,0.0,163,-2.976190476190459,44.0
2023-07-30 13:08:57.399000+00:00,2023-07-30 13:08:59.158000+00:00,1.759,220,-28.549382716049386,1.4285714285714286
2023-07-30 13:08:59.679000+00:00,2023-07-30 13:08:59.679000+00:00,0.0,135,-3.847337642351484,27.0
2023-07-30 13:09:04.679000+00:00,2023-07-30 13:09:04.679000+00:00,0.0,223,-6.944444444444435,68.0
2023-07-30 13:09:16.599000+00:00,2023-07-30 13:09:16.879000+00:00,0.28,313,-2.976190476190459,79.5
2023-07-30 13:09:18.159000+00:00,2023-07-30 13:09:18.159000+00:00,0.0,307,-2.7777777777777857,100.0
2023-07-30 13:09:21.199000+00:00,2023-07-30 13:09:25.119000+00:00,3.92,303,-50.925925925925924,2.235294117647059
2023-07-30 13:09:26.759000+00:00,2023-07-30 13:09:26.759000+00:00,0.0,73,-3.47222222222221,10.0
2023-07-30 13:09:27.239000+00:00,2023-07-30 13:09:27.639000+00:00,0.4,69,-4.166666666666661,19.0
2023-07-30 13:09:36.439000+00:00,2023-07-30 13:09:40.239000+00:00,3.8,271,-43.402777777777764,5.733333333333333
2023-07-30 13:10:02.999000+00:00,2023-07-30 13:10:02.999000+00:00,0.0,317,-3.472222222222232,100.0
2023-07-30 13:10:05.360000+00:00,2023-07-30 13:10:09.119000+00:00,3.759,308,-33.17901234567901,3.1333333333333333
2023-07-30 13:10:19.159000+00:00,2023-07-30 13:10:22.759000+00:00,3.6,230,-30.555555555555536,1.4
2023-07-30 13:10:26.639000+00:00,2023-07-30 13:10:28.079000+00:00,1.44,194,-9.920634920634923,18.166666666666668
2023-07-30 13:10:35.159000+00:00,2023-07-30 13:10:36.759000+00:00,1.6,270,-16.49305555555558,23.125
2023-07-30 13:10:37.279000+00:00,2023-07-30 13:10:37.279000+00:00,0.0,217,-3.472222222222203,62.0
2023-07-30 13:10:44.039000+00:00,2023-07-30 13:10:46.759000+00:00,2.7199999999999998,285,-33.73015873015877,2.3636363636363638
2023-07-30 13:10:49.439000+00:00,2023-07-30 13:10:49.799000+00:00,0.36,167,-4.629629629629643,41.666666666666664
2023-07-30 13:10:53.639000+00:00,2023-07-30 13:10:55.759000+00:00,2.12,225,-47.74305555555556,5.5
2023-07-30 13:11:00.039000+00:00,2023-07-30 13:11:00.039000+00:00,0.0,221,-5.555555555555571,58.0
2023-07-30 13:11:12.959000+00:00,2023-07-30 13:11:12.959000+00:00,0.0,311,-2.8995592669914108,77.0
2023-07-30 13:11:13.319000+00:00,2023-07-30 13:11:13.319000+00:00,0.0,309,-2.7777777777777857,100.0
2023-07-30 13:11:16.999000+00:00,2023-07-30 13:11:16.999000+00:00,0.0,308,-2.7777777777777857,100.0
2023-07-30 13:11:17.399000+00:00,2023-07-30 13:11:21.639000+00:00,4.24,307,-34.72222222222223,3.0
2023-07-30 13:11:23.159000+00:00,2023-07-30 13:11:23.599000+00:00,0.44,73,-3.9682539682539666,8.333333333333334
2023-07-30 13:11:32.680000+00:00,2023-07-30 13:11:36.199000+00:00,3.519,263,-34.94060097833684,0.125
2023-07-30 13:11:48.719000+00:00,2023-07-30 13:11:49.079000+00:00,0.36,308,-2.314814814814841,100.0
2023-07-30 13:11:49.679000+00:00,2023-07-30 13:11:49.679000+00:00,0.0,300,-2.9761904761905096,100.0
2023-07-30 13:12:02.359000+00:00,2023-07-30 13:12:05.080000+00:00,2.721,290,-48.611111111111136,3.090909090909091
2023-07-30 13:12:09.439000+00:00,2023-07-30 13:12:09.879000+00:00,0.44,161,-4.629629629629643,33.666666666666664
2023-07-30 13:12:15.119000+00:00,2023-07-30 13:12:18.560000+00:00,3.441,246,-21.701388888888882,5.785714285714286
2023-07-30 13:12:19.240000+00:00,2023-07-30 13:12:19.480000+00:00,0.24,109,-2.3148148148148215,0.5
2023-07-30 13:12:23.039000+00:00,2023-07-30 13:12:24.640000+00:00,1.601,191,-10.351966873705988,19.125
2023-07-30 13:12:31.120000+00:00,2023-07-30 13:12:33.120000+00:00,2.0,283,-15.873015873015916,23.444444444444443
2023-07-30 13:12:40.479000+00:00,2023-07-30 13:12:42.879000+00:00,2.4,273,-25.462962962962976,4.7272727272727275
2023-07-30 13:12:49.880000+00:00,2023-07-30 13:12:51.600000+00:00,1.72,219,-21.825396825396833,2.857142857142857
2023-07-30 13:12:52.040000+00:00,2023-07-30 13:12:52.040000+00:00,0.0,133,-6.944444444444435,48.0
2023-07-30 13:12:56.360000+00:00,2023-07-30 13:12:56.360000+00:00,0.0,218,-6.057459328487361,44.0
2023-07-30 13:13:09.039000+00:00,2023-07-30 13:13:09.199000+00:00,0.16,313,-6.944444444444464,72.0
2023-07-30 13:13:09.880000+00:00,2023-07-30 13:13:09.880000+00:00,0.0,305,-2.314814814814841,87.0
2023-07-30 13:13:12.720000+00:00,2023-07-30 13:13:12.720000+00:00,0.0,305,-2.7777777777777857,100.0
2023-07-30 13:13:13.919000+00:00,2023-07-30 13:13:17.760000+00:00,3.841,297,-45.138888888888886,2.1875
2023-07-30 13:13:20.040000+00:00,2023-07-30 13:13:20.400000+00:00,0.36,72,-3.858024691358026,0.0
2023-07-30 13:13:29.480000+00:00,2023-07-30 13:13:33.440000+00:00,3.96,272,-29.166666666666714,7.357142857142857
2023-07-30 13:13:46.080000+00:00,2023-07-30 13:13:46.560000+00:00,0.48,305,-4.9603174603174995,87.0
2023-07-30 13:13:47.759000+00:00,2023-07-30 13:13:47.759000+00:00,0.0,300,-2.3148148148148215,71.0
2023-07-30 13:13:58.480000+00:00,2023-07-30 13:14:02.080000+00:00,3.6,326,-57.29166666666665,11.733333333333333
2023-07-30 13:14:03.400000+00:00,2023-07-30 13:14:03.760000+00:00,0.36,133,-5.208333333333348,17.666666666666668
2023-07-30 13:14:07.160000+00:00,2023-07-30 13:14:07.160000+00:00,0.0,163,-2.7777777777777857,48.0
2023-07-30 13:14:12.120000+00:00,2023-07-30 13:14:15.360000+00:00,3.24,231,-37.698412698412724,0.4666666666666667
2023-07-30 13:14:19.760000+00:00,2023-07-30 13:14:20.999000+00:00,1.2389999999999999,184,-7.52314814814814,17.8
2023-07-30 13:14:27.679000+00:00,2023-07-30 13:14:29.800000+00:00,2.121,281,-14.827995255041534,31.125
2023-07-30 13:14:36.960000+00:00,2023-07-30 13:14:39.360000+00:00,2.4,279,-28.769841269841248,10.6
2023-07-30 13:14:42.480000+00:00,2023-07-30 13:14:42.480000+00:00,0.0,159,-5.555555555555571,30.0
2023-07-30 13:14:46.800000+00:00,2023-07-30 13:14:48.960000+00:00,2.16,220,-17.045454545454547,15.0
2023-07-30 13:14:53.480000+00:00,2023-07-30 13:14:53.480000+00:00,0.0,216,-4.629629629629614,54.0
2023-07-30 13:15:05.800000+00:00,2023-07-30 13:15:06.560000+00:00,0.76,316,-8.680555555555625,62.333333333333336
2023-07-30 13:15:10.600000+00:00,2023-07-30 13:15:10.600000+00:00,0.0,304,-3.472222222222232,100.0
2023-07-30 13:15:11.080000+00:00,2023-07-30 13:15:14.880000+00:00,3.8,302,-42.82407407407405,5.352941176470588
2023-07-30 13:15:15.280000+00:00,2023-07-30 13:15:15.280000+00:00,0.0,65,-3.472222222222232,2.0
2023-07-30 13:15:17.680000+00:00,2023-07-30 13:15:17.680000+00:00,0.0,71,-5.208333333333337,0.0
2023-07-30 13:15:26.840000+00:00,2023-07-30 13:15:30.400000+00:00,3.56,272,-38.19444444444442,1.1428571428571428
2023-07-30 13:15:42.960000+00:00,2023-07-30 13:15:42.960000+00:00,0.0,309,-2.3148148148148215,100.0
2023-07-30 13:15:43.440000+00:00,2023-07-30 13:15:43.880000+00:00,0.44,304,-4.419191919191916,76.0
2023-07-30 13:15:55.640000+00:00,2023-07-30 13:15:59.120000+00:00,3.48,331,-39.930555555555536,1.7142857142857142
2023-07-30 13:16:04.280000+00:00,2023-07-30 13:16:04.280000+00:00,0.0,167,-2.3148148148148215,44.0
2023-07-30 13:16:09.160000+00:00,2023-07-30 13:16:12.680000+00:00,3.52,237,-36.11111111111111,0.0
2023-07-30 13:16:16.560000+00:00,2023-07-30 13:16:18.080000+00:00,1.52,193,-7.936507936507933,22.4
2023-07-30 13:16:24.800000+00:00,2023-07-30 13:16:26.681000+00:00,1.881,283,-15.277777777777786,22.142857142857142
2023-07-30 13:16:33.801000+00:00,2023-07-30 13:16:36.600000+00:00,2.799,286,-25.000000000000036,15.0
2023-07-30 13:16:39.480000+00:00,2023-07-30 13:16:39.480000+00:00,0.0,163,-2.3148148148148016,49.0
2023-07-30 13:16:43.520000+00:00,2023-07-30 13:16:45.640000+00:00,2.12,223,-38.69047619047617,6.0
2023-07-30 13:16:50.440000+00:00,2023-07-30 13:16:50.680000+00:00,0.24,202,-4.385964912280705,45.5
2023-07-30 13:17:02.840000+00:00,2023-07-30 13:17:03.400000+00:00,0.56,303,-8.680555555555625,43.75
2023-07-30 13:17:03.880000+00:00,2023-07-30 13:17:03.880000+00:00,0.0,284,-3.968253968253979,65.0
2023-07-30 13:17:08.161000+00:00,2023-07-30 13:17:12.600000+00:00,4.439,293,-29.60640891675374,5.076923076923077
2023-07-30 13:17:13.961000+00:00,2023-07-30 13:17:14.281000+00:00,0.32,81,-2.604166666666663,30.0
2023-07-30 13:17:14.881000+00:00,2023-07-30 13:17:14.881000+00:00,0.0,74,-2.7777777777777857,15.0
2023-07-30 13:17:15.480000+00:00,2023-07-30 13:17:15.480000+00:00,0.0,69,-2.6123301985370913,11.0
2023-07-30 13:17:18.880000+00:00,2023-07-30 13:17:20.321000+00:00,1.441,138,-23.148148148148156,26.666666666666668
2023-07-30 13:17:24.840000+00:00,2023-07-30 13:17:30.400000+00:00,5.5600000000000005,75,-9.92063492063492,7.315789473684211
2023-07-30 13:17:44.160000+00:00,2023-07-30 13:17:45.080000+00:00,0.92,80,-3.1565656565656575,17.5
2023-07-30 13:17:45.600000+00:00,2023-07-30 13:17:45.600000+00:00,0.0,67,-3.4722222222222174,17.0
2023-07-30 13:17:46.121000+00:00,2023-07-30 13:17:46.761000+00:00,0.64,63,-3.4722222222222174,0.75
2023-07-30 13:17:58.160000+00:00,2023-07-30 13:17:58.720000+00:00,0.56,307,-4.340277777777768,85.66666666666667
2023-07-30 13:18:00.161000+00:00,2023-07-30 13:18:00.161000+00:00,0.0,301,-2.7777777777777857,99.0
2023-07-30 13:18:11.440000+00:00,2023-07-30 13:18:14.561000+00:00,3.121,315,-71.18055555555553,9.785714285714286
2023-07-30 13:18:18.360000+00:00,2023-07-30 13:18:18.761000+00:00,0.401,176,-4.629629629629614,36.333333333333336
2023-07-30 13:18:23.840000+00:00,2023-07-30 13:18:26.481000+00:00,2.641,244,-28.356481481481474,0.0
2023-07-30 13:18:27.121000+00:00,2023-07-30 13:18:27.121000+00:00,0.0,113,-2.777777777777768,11.0
2023-07-30 13:18:30.760000+00:00,2023-07-30 13:18:31.961000+00:00,1.201,197,-9.259259259259267,18.0
2023-07-30 13:18:38.921000+00:00,2023-07-30 13:18:40.521000+00:00,1.6,283,-13.888888888888928,20.142857142857142
2023-07-30 13:18:48.041000+00:00,2023-07-30 13:18:50.720000+00:00,2.6790000000000003,271,-28.645833333333304,5.6
2023-07-30 13:18:52.801000+00:00,2023-07-30 13:18:53.081000+00:00,0.28,173,-5.952380952380944,23.0
2023-07-30 13:18:56.760000+00:00,2023-07-30 13:18:58.841000+00:00,2.081,227,-21.60493827160494,4.111111111111111
2023-07-30 13:19:03.120000+00:00,2023-07-30 13:19:03.120000+00:00,0.0,228,-2.6041666666666963,70.0
2023-07-30 13:19:15.481000+00:00,2023-07-30 13:19:15.481000+00:00,0.0,317,-2.976190476190459,83.0
2023-07-30 13:19:16.480000+00:00,2023-07-30 13:19:16.480000+00:00,0.0,312,-2.9868578255674856,76.0
2023-07-30 13:19:20.601000+00:00,2023-07-30 13:19:23.720000+00:00,3.1189999999999998,275,-43.402777777777764,0.0
2023-07-30 13:19:25.281000+00:00,2023-07-30 13:19:25.681000+00:00,0.4,76,-5.787037037037039,0.0
2023-07-30 13:19:35.201000+00:00,2023-07-30 13:19:38.361000+00:00,3.16,256,-34.722222222222214,0.0
2023-07-30 13:19:50.601000+00:00,2023-07-30 13:19:50.961000+00:00,0.36,310,-4.1459369817578535,100.0
2023-07-30 13:20:03.961000+00:00,2023-07-30 13:20:06.801000+00:00,2.84,307,-39.68253968253969,5.666666666666667
2023-07-30 13:20:08.001000+00:00,2023-07-30 13:20:08.601000+00:00,0.6,144,-3.472222222222232,17.333333333333332
2023-07-30 13:20:10.881000+00:00,2023-07-30 13:20:11.361000+00:00,0.48,176,-4.340277777777768,41.333333333333336
2023-07-30 13:20:15.961000+00:00,2023-07-30 13:20:18.801000+00:00,2.84,254,-37.037037037037024,1.6666666666666667
2023-07-30 13:20:19.201000+00:00,2023-07-30 13:20:19.441000+00:00,0.24,113,-5.208333333333326,0.0
2023-07-30 13:20:23.521000+00:00,2023-07-30 13:20:24.881000+00:00,1.3599999999999999,195,-8.928571428571427,16.5
2023-07-30 13:20:31.441000+00:00,2023-07-30 13:20:33.201000+00:00,1.76,286,-12.731481481481488,23.25
2023-07-30 13:20:40.641000+00:00,2023-07-30 13:20:43.161000+00:00,2.52,274,-38.194444444444464,6.333333333333333
2023-07-30 13:20:45.601000+00:00,2023-07-30 13:20:45.601000+00:00,0.0,169,-6.944444444444464,49.0
2023-07-30 13:20:49.681000+00:00,2023-07-30 13:20:51.561000+00:00,1.88,221,-26.388888888888893,0.3333333333333333
2023-07-30 13:20:55.081000+00:00,2023-07-30 13:20:55.081000+00:00,0.0,224,8.68055555555558,64.0
2023-07-30 13:20:55.601000+00:00,2023-07-30 13:21:17.161000+00:00,21.56,321,-38.58024691358024,82.8961038961039
2023-07-30 13:21:18.441000+00:00,2023-07-30 13:21:19.081000+00:00,0.64,78,-6.172839506172847,0.0
2023-07-30 13:21:28.041000+00:00,2023-07-30 13:21:30.961000+00:00,2.92,273,-40.50925925925923,7.6923076923076925
2023-07-30 13:21:31.721000+00:00,2023-07-30 13:21:31.721000+00:00,0.0,69,-2.3148148148148118,1.0
2023-07-30 13:21:43.682000+00:00,2023-07-30 13:21:43.682000+00:00,0.0,311,-4.166666666666643,100.0
2023-07-30 13:21:44.041000+00:00,2023-07-30 13:21:44.321000+00:00,0.28,309,-2.976190476190459,100.0
2023-07-30 13:21:56.642000+00:00,2023-07-30 13:21:59.721000+00:00,3.079,324,-50.0,8.0
2023-07-30 13:22:01.241000+00:00,2023-07-30 13:22:01.441000+00:00,0.2,139,-8.68055555555558,39.0
2023-07-30 13:22:09.602000+00:00,2023-07-30 13:22:12.601000+00:00,2.999,228,-40.27777777777775,0.0
2023-07-30 13:22:16.802000+00:00,2023-07-30 13:22:18.041000+00:00,1.2389999999999999,194,-10.416666666666652,14.571428571428571
2023-07-30 13:22:25.041000+00:00,2023-07-30 13:22:26.641000+00:00,1.6,281,-22.569444444444464,20.25
2023-07-30 13:22:34.121000+00:00,2023-07-30 13:22:36.722000+00:00,2.601,281,-67.70833333333339,6.166666666666667
2023-07-30 13:22:37.322000+00:00,2023-07-30 13:22:37.322000+00:00,0.0,147,-2.604166666666652,47.0
2023-07-30 13:22:39.321000+00:00,2023-07-30 13:22:39.321000+00:00,0.0,166,-4.34027777777779,43.0
2023-07-30 13:22:43.402000+00:00,2023-07-30 13:22:45.201000+00:00,1.799,223,-32.986111111111114,1.3333333333333333
2023-07-30 13:22:49.002000+00:00,2023-07-30 13:22:49.002000+00:00,0.0,219,0.0,58.0
2023-07-30 13:23:02.482000+00:00,2023-07-30 13:23:02.482000+00:00,0.0,316,-5.2083333333333925,75.0
2023-07-30 13:23:02.922000+00:00,2023-07-30 13:23:02.922000+00:00,0.0,312,-3.9682539682539284,79.0
2023-07-30 13:23:06.921000+00:00,2023-07-30 13:23:10.922000+00:00,4.001,311,-38.6904761904762,7.3125
2023-07-30 13:23:12.041000+00:00,2023-07-30 13:23:13.001000+00:00,0.96,76,-2.8935185185185195,2.0
2023-07-30 13:23:22.002000+00:00,2023-07-30 13:23:25.481000+00:00,3.479,270,-84.72222222222221,7.769230769230769
2023-07-30 13:23:38.161000+00:00,2023-07-30 13:23:38.161000+00:00,0.0,308,-2.791736460078176,100.0
2023-07-30 13:23:38.801000+00:00,2023-07-30 13:23:38.801000+00:00,0.0,303,-2.604166666666652,100.0
2023-07-30 13:23:39.841000+00:00,2023-07-30 13:23:39.841000+00:00,0.0,302,-2.0833333333333215,100.0
2023-07-30 13:23:51.042000+00:00,2023-07-30 13:23:53.881000+00:00,2.839,315,-39.35185185185185,1.3
2023-07-30 13:23:54.282000+00:00,2023-07-30 13:23:54.282000+00:00,0.0,113,-2.777777777777768,35.0
2023-07-30 13:23:58.761000+00:00,2023-07-30 13:23:58.961000+00:00,0.2,164,-3.4722222222221877,42.5
2023-07-30 13:24:04.202000+00:00,2023-07-30 13:24:07.402000+00:00,3.2,233,-26.785714285714256,0.0
2023-07-30 13:24:08.162000+00:00,2023-07-30 13:24:08.162000+00:00,0.0,105,-2.604166666666674,30.0
2023-07-30 13:24:11.641000+00:00,2023-07-30 13:24:12.601000+00:00,0.96,191,-9.259259259259267,16.25
2023-07-30 13:24:13.161000+00:00,2023-07-30 13:24:13.161000+00:00,0.0,162,-3.4722222222222143,29.0
2023-07-30 13:24:19.761000+00:00,2023-07-30 13:24:21.722000+00:00,1.9609999999999999,288,-17.746913580246904,27.4
2023-07-30 13:24:28.682000+00:00,2023-07-30 13:24:31.402000+00:00,2.7199999999999998,287,-27.777777777777754,11.75
2023-07-30 13:24:32.121000+00:00,2023-07-30 13:24:32.121000+00:00,0.0,145,-4.166666666666643,50.0
2023-07-30 13:24:34.162000+00:00,2023-07-30 13:24:34.162000+00:00,0.0,167,-3.472222222222232,43.0
2023-07-30 13:24:38.481000+00:00,2023-07-30 13:24:40.522000+00:00,2.041,195,-26.99407871821666,2.5714285714285716
2023-07-30 13:24:44.082000+00:00,2023-07-30 13:24:44.082000+00:00,0.0,211,-2.604166666666674,56.0
2023-07-30 13:24:56.882000+00:00,2023-07-30 13:24:56.882000+00:00,0.0,318,-2.7777777777777857,80.0
2023-07-30 13:24:57.482000+00:00,2023-07-30 13:24:57.482000+00:00,0.0,312,-4.629629629629584,75.0
2023-07-30 13:24:58.042000+00:00,2023-07-30 13:24:58.042000+00:00,0.0,310,-2.7777777777777857,100.0
2023-07-30 13:25:02.082000+00:00,2023-07-30 13:25:05.681000+00:00,3.599,307,-36.11111111111114,4.923076923076923
2023-07-30 13:25:08.082000+00:00,2023-07-30 13:25:08.362000+00:00,0.28,69,-3.9682539682539666,9.5
2023-07-30 13:25:17.242000+00:00,2023-07-30 13:25:20.482000+00:00,3.24,270,-33.333333333333336,7.357142857142857
2023-07-30 13:25:21.122000+00:00,2023-07-30 13:25:21.282000+00:00,0.16,66,-3.47222222222221,15.0
2023-07-30 13:25:33.042000+00:00,2023-07-30 13:25:33.282000+00:00,0.24,310,-2.3148148148148215,100.0
2023-07-30 13:25:33.642000+00:00,2023-07-30 13:25:33.842000+00:00,0.2,306,-2.7777777777777857,100.0
2023-07-30 13:25:34.282000+00:00,2023-07-30 13:25:34.282000+00:00,0.0,303,-2.3148148148147625,100.0
2023-07-30 13:25:46.082000+00:00,2023-07-30 13:25:49.042000+00:00,2.96,321,-40.123456790123456,10.833333333333334
2023-07-30 13:25:50.842000+00:00,2023-07-30 13:25:50.842000+00:00,0.0,131,-2.7777777777777857,42.0
2023-07-30 13:25:53.882000+00:00,2023-07-30 13:25:53.882000+00:00,0.0,168,-3.0864197530864286,40.0
2023-07-30 13:25:59.003000+00:00,2023-07-30 13:26:02.002000+00:00,2.999,241,-33.564814814814824,0.36363636363636365
2023-07-30 13:26:06.162000+00:00,2023-07-30 13:26:07.762000+00:00,1.6,196,-12.731481481481488,31.375
2023-07-30 13:26:14.162000+00:00,2023-07-30 13:26:16.042000+00:00,1.88,285,-19.097222222222232,32.44444444444444
2023-07-30 13:26:23.602000+00:00,2023-07-30 13:26:25.363000+00:00,1.7610000000000001,272,-31.94444444444443,2.375
2023-07-30 13:26:25.843000+00:00,2023-07-30 13:26:26.202000+00:00,0.359,158,-4.64252553389043,35.0
2023-07-30 13:26:26.642000+00:00,2023-07-30 13:26:26.642000+00:00,0.0,151,-2.7777777777777857,40.0
2023-07-30 13:26:28.762000+00:00,2023-07-30 13:26:29.002000+00:00,0.24,163,-5.555555555555536,35.0
2023-07-30 13:26:32.723000+00:00,2023-07-30 13:26:35.042000+00:00,2.319,224,-22.569444444444443,16.88888888888889
2023-07-30 13:26:38.162000+00:00,2023-07-30 13:26:38.162000+00:00,0.0,210,4.629629629629614,68.0
2023-07-30 13:26:52.123000+00:00,2023-07-30 13:26:52.123000+00:00,0.0,314,-3.968253968253979,90.0
2023-07-30 13:26:52.563000+00:00,2023-07-30 13:26:52.563000+00:00,0.0,310,-4.629629629629584,72.0
2023-07-30 13:26:54.922000+00:00,2023-07-30 13:26:54.922000+00:00,0.0,306,-2.7777777777777857,100.0
2023-07-30 13:26:56.922000+00:00,2023-07-30 13:27:00.722000+00:00,3.8,294,-41.66666666666669,1.3333333333333333
2023-07-30 13:27:03.642000+00:00,2023-07-30 13:27:03.642000+00:00,0.0,63,-3.47222222222221,24.0
2023-07-30 13:27:12.323000+00:00,2023-07-30 13:27:16.082000+00:00,3.759,275,-51.215277777777786,4.9375
2023-07-30 13:27:28.802000+00:00,2023-07-30 13:27:28.802000+00:00,0.0,305,-2.9761904761905096,100.0
2023-07-30 13:27:38.243000+00:00,2023-07-30 13:27:38.243000+00:00,0.0,315,-2.7777777777777857,100.0
2023-07-30 13:27:41.762000+00:00,2023-07-30 13:27:44.122000+00:00,2.36,303,-59.0277777777778,1.1818181818181819
2023-07-30 13:27:44.603000+00:00,2023-07-30 13:27:44.603000+00:00,0.0,132,-5.555555555555571,39.0
2023-07-30 13:27:46.043000+00:00,2023-07-30 13:27:46.283000+00:00,0.24,138,-4.629629629629643,34.5
2023-07-30 13:27:49.762000+00:00,2023-07-30 13:27:49.762000+00:00,0.0,169,-3.472222222222232,52.0
2023-07-30 13:27:54.082000+00:00,2023-07-30 13:27:57.202000+00:00,3.12,254,-30.86419753086419,2.0
2023-07-30 13:28:01.642000+00:00,2023-07-30 13:28:02.922000+00:00,1.28,184,-8.680555555555536,16.833333333333332
2023-07-30 13:28:09.442000+00:00,2023-07-30 13:28:10.883000+00:00,1.441,284,-19.097222222222143,25.714285714285715
2023-07-30 13:28:11.323000+00:00,2023-07-30 13:28:11.643000+00:00,0.32,224,-5.208333333333326,49.5
2023-07-30 13:28:18.683000+00:00,2023-07-30 13:28:21.202000+00:00,2.519,284,-26.62037037037036,20.444444444444443
2023-07-30 13:28:21.802000+00:00,2023-07-30 13:28:21.802000+00:00,0.0,152,-2.3148148148148215,29.0
2023-07-30 13:28:24.083000+00:00,2023-07-30 13:28:24.483000+00:00,0.4,164,-3.4722222222221877,41.5
2023-07-30 13:28:27.962000+00:00,2023-07-30 13:28:30.483000+00:00,2.521,223,-23.148148148148156,15.4
2023-07-30 13:28:34.162000+00:00,2023-07-30 13:28:34.162000+00:00,0.0,221,0.8707767328457008,60.0
2023-07-30 13:28:34.522000+00:00,2023-07-30 13:28:34.722000+00:00,0.2,218,-4.1666666666666785,57.5
2023-07-30 13:28:51.123000+00:00,2023-07-30 13:28:51.123000+00:00,0.0,309,-2.7777777777777857,100.0
2023-07-30 13:28:52.203000+00:00,2023-07-30 13:28:55.882000+00:00,3.6790000000000003,305,-50.925925925925924,3.076923076923077
2023-07-30 13:28:57.523000+00:00,2023-07-30 13:28:57.763000+00:00,0.24,72,-4.629629629629628,0.0
2023-07-30 13:28:58.243000+00:00,2023-07-30 13:28:58.243000+00:00,0.0,64,-2.604166666666663,16.0
2023-07-30 13:29:07.483000+00:00,2023-07-30 13:29:10.563000+00:00,3.08,253,-30.753968253968264,0.0
2023-07-30 13:29:10.923000+00:00,2023-07-30 13:29:10.923000+00:00,0.0,68,-2.777777777777768,0.0
2023-07-30 13:29:11.403000+00:00,2023-07-30 13:29:11.403000+00:00,0.0,65,-5.208333333333348,35.0
2023-07-30 13:29:23.683000+00:00,2023-07-30 13:29:23.683000+00:00,0.0,304,-3.1565656565656495,100.0
2023-07-30 13:29:24.323000+00:00,2023-07-30 13:29:24.323000+00:00,0.0,301,-2.3148148148148215,100.0
2023-07-30 13:29:36.523000+00:00,2023-07-30 13:29:39.403000+00:00,2.88,312,-48.61111111111107,5.3076923076923075
2023-07-30 13:29:40.483000+00:00,2023-07-30 13:29:40.483000+00:00,0.0,135,-4.1666666666666785,29.0
2023-07-30 13:29:49.122000+00:00,2023-07-30 13:29:51.923000+00:00,2.801,238,-32.7812284334024,0.0
2023-07-30 13:29:52.883000+00:00,2023-07-30 13:29:52.883000+00:00,0.0,105,-2.5252525252525326,41.0
2023-07-30 13:29:56.483000+00:00,2023-07-30 13:29:57.963000+00:00,1.48,193,-10.416666666666668,14.75
2023-07-30 13:30:04.523000+00:00,2023-07-30 13:30:06.203000+00:00,1.6800000000000002,283,-20.833333333333336,21.75
2023-07-30 13:30:13.843000+00:00,2023-07-30 13:30:16.483000+00:00,2.64,274,-38.194444444444464,1.0909090909090908
2023-07-30 13:30:16.883000+00:00,2023-07-30 13:30:16.883000+00:00,0.0,146,-4.629629629629614,48.0
2023-07-30 13:30:19.203000+00:00,2023-07-30 13:30:19.203000+00:00,0.0,160,-3.0864197530864286,43.0
2023-07-30 13:30:23.163000+00:00,2023-07-30 13:30:25.403000+00:00,2.24,217,-20.833333333333336,6.555555555555555
2023-07-30 13:30:42.323000+00:00,2023-07-30 13:30:42.323000+00:00,0.0,312,-3.4722222222221433,79.0
2023-07-30 13:30:42.883000+00:00,2023-07-30 13:30:43.163000+00:00,0.28,309,-2.976190476190459,82.5
2023-07-30 13:30:46.883000+00:00,2023-07-30 13:30:50.683000+00:00,3.8,304,-56.71296296296295,4.066666666666666
2023-07-30 13:30:51.283000+00:00,2023-07-30 13:30:51.283000+00:00,0.0,66,-4.629629629629628,26.0
2023-07-30 13:30:52.163000+00:00,2023-07-30 13:30:53.163000+00:00,1.0,78,-4.960317460317461,4.0
2023-07-30 13:31:02.323000+00:00,2023-07-30 13:31:05.563000+00:00,3.24,271,-41.66666666666669,7.6923076923076925
2023-07-30 13:31:06.283000+00:00,2023-07-30 13:31:06.283000+00:00,0.0,65,-2.604166666666674,23.0
2023-07-30 13:31:18.443000+00:00,2023-07-30 13:31:18.763000+00:00,0.32,306,-5.208333333333304,100.0
2023-07-30 13:31:31.443000+00:00,2023-07-30 13:31:33.763000+00:00,2.32,314,-39.141414141414124,0.1111111111111111
2023-07-30 13:31:39.323000+00:00,2023-07-30 13:31:39.323000+00:00,0.0,168,-2.3148148148148215,44.0
2023-07-30 13:31:44.283000+00:00,2023-07-30 13:31:47.764000+00:00,3.481,246,-29.166666666666643,1.8571428571428572
2023-07-30 13:31:51.523000+00:00,2023-07-30 13:31:53.043000+00:00,1.52,191,-11.904761904761912,21.875
2023-07-30 13:31:59.843000+00:00,2023-07-30 13:32:01.684000+00:00,1.841,283,-18.518518518518512,20.375
2023-07-30 13:32:08.964000+00:00,2023-07-30 13:32:11.963000+00:00,2.999,286,-38.194444444444464,10.5
2023-07-30 13:32:18.443000+00:00,2023-07-30 13:32:20.684000+00:00,2.241,220,-22.222222222222214,11.7
2023-07-30 13:32:24.483000+00:00,2023-07-30 13:32:25.043000+00:00,0.56,221,-2.9761904761904843,57.666666666666664
2023-07-30 13:32:37.363000+00:00,2023-07-30 13:32:37.723000+00:00,0.36,315,-3.472222222222232,76.0
2023-07-30 13:32:38.603000+00:00,2023-07-30 13:32:38.603000+00:00,0.0,306,-2.976190476190459,99.0
2023-07-30 13:32:41.284000+00:00,2023-07-30 13:32:41.284000+00:00,0.0,307,-2.7777777777777857,100.0
2023-07-30 13:32:42.644000+00:00,2023-07-30 13:32:46.083000+00:00,3.439,300,-37.326388888888886,0.8333333333333334
2023-07-30 13:32:46.603000+00:00,2023-07-30 13:32:46.603000+00:00,0.0,62,-5.208333333333326,9.0
2023-07-30 13:32:58.203000+00:00,2023-07-30 13:33:01.724000+00:00,3.521,267,-36.11111111111111,0.9333333333333333
2023-07-30 13:33:14.364000+00:00,2023-07-30 13:33:14.364000+00:00,0.0,306,-5.208333333333304,100.0
2023-07-30 13:33:14.884000+00:00,2023-07-30 13:33:14.884000+00:00,0.0,303,-2.3148148148148016,100.0
2023-07-30 13:33:27.204000+00:00,2023-07-30 13:33:29.964000+00:00,2.76,311,-35.87962962962961,1.1666666666666667
2023-07-30 13:33:35.484000+00:00,2023-07-30 13:33:35.484000+00:00,0.0,155,-2.314814814814792,37.0
2023-07-30 13:33:40.924000+00:00,2023-07-30 13:33:44.083000+00:00,3.159,244,-41.66666666666669,0.8181818181818182
2023-07-30 13:33:48.644000+00:00,2023-07-30 13:33:50.243000+00:00,1.599,183,-8.928571428571427,14.5
2023-07-30 13:33:56.963000+00:00,2023-07-30 13:33:58.883000+00:00,1.92,278,-15.432098765432103,14.375
2023-07-30 13:34:06.204000+00:00,2023-07-30 13:34:08.924000+00:00,2.7199999999999998,282,-26.234567901234545,7.6
2023-07-30 13:34:11.803000+00:00,2023-07-30 13:34:12.163000+00:00,0.36,163,-5.208333333333304,38.0
2023-07-30 13:34:16.204000+00:00,2023-07-30 13:34:18.243000+00:00,2.039,201,-22.569444444444464,1.2222222222222223
2023-07-30 13:34:22.324000+00:00,2023-07-30 13:34:22.324000+00:00,0.0,214,-3.968253968253979,55.0
2023-07-30 13:34:35.324000+00:00,2023-07-30 13:34:35.324000+00:00,0.0,314,-2.6041666666666963,69.0
2023-07-30 13:34:35.764000+00:00,2023-07-30 13:34:35.764000+00:00,0.0,307,-6.944444444444438,79.0
2023-07-30 13:34:36.284000+00:00,2023-07-30 13:34:36.284000+00:00,0.0,303,-3.472222222222203,99.0
2023-07-30 13:34:40.244000+00:00,2023-07-30 13:34:44.043000+00:00,3.799,305,-35.590277777777764,0.8461538461538461
2023-07-30 13:34:45.684000+00:00,2023-07-30 13:34:46.284000+00:00,0.6,69,-2.3148148148148215,0.0
2023-07-30 13:34:55.684000+00:00,2023-07-30 13:34:59.284000+00:00,3.6,263,-37.03703703703705,2.1333333333333333
2023-07-30 13:35:11.724000+00:00,2023-07-30 13:35:12.124000+00:00,0.4,308,-2.7777777777777857,100.0
2023-07-30 13:35:24.964000+00:00,2023-07-30 13:35:27.684000+00:00,2.7199999999999998,309,-34.72222222222222,12.333333333333334
2023-07-30 13:35:29.404000+00:00,2023-07-30 13:35:29.884000+00:00,0.48,137,-3.858024691358016,32.0
2023-07-30 13:35:32.204000+00:00,2023-07-30 13:35:32.204000+00:00,0.0,157,-3.968253968253979,43.0
2023-07-30 13:35:37.724000+00:00,2023-07-30 13:35:41.324000+00:00,3.6,250,-38.194444444444436,1.1666666666666667
2023-07-30 13:35:45.524000+00:00,2023-07-30 13:35:46.764000+00:00,1.24,184,-9.920634920634923,14.0
2023-07-30 13:35:53.564000+00:00,2023-07-30 13:35:55.524000+00:00,1.96,281,-16.865079365079385,19.0
2023-07-30 13:36:02.524000+00:00,2023-07-30 13:36:05.684000+00:00,3.16,283,-43.65079365079362,16.818181818181817
2023-07-30 13:36:08.044000+00:00,2023-07-30 13:36:08.044000+00:00,0.0,164,-2.77777777777775,40.0
2023-07-30 13:36:12.324000+00:00,2023-07-30 13:36:14.524000+00:00,2.2,224,-20.83333333333334,10.222222222222221
2023-07-30 13:36:18.724000+00:00,2023-07-30 13:36:18.964000+00:00,0.24,214,-2.7777777777777857,54.5
2023-07-30 13:36:31.325000+00:00,2023-07-30 13:36:32.244000+00:00,0.919,313,-3.472222222222203,78.5
2023-07-30 13:36:36.684000+00:00,2023-07-30 13:36:40.164000+00:00,3.48,301,-41.49377593360996,5.0625
2023-07-30 13:36:42.564000+00:00,2023-07-30 13:36:42.884000+00:00,0.32,67,-3.472222222222221,9.0
2023-07-30 13:36:51.805000+00:00,2023-07-30 13:36:54.964000+00:00,3.159,266,-30.477185649599416,2.0714285714285716
2023-07-30 13:36:55.604000+00:00,2023-07-30 13:36:55.604000+00:00,0.0,64,-2.314814814814807,0.0
2023-07-30 13:37:08.084000+00:00,2023-07-30 13:37:08.484000+00:00,0.4,307,-3.968253968253979,100.0
2023-07-30 13:37:19.724000+00:00,2023-07-30 13:37:19.724000+00:00,0.0,313,-2.3148148148148215,99.0
2023-07-30 13:37:21.284000+00:00,2023-07-30 13:37:24.205000+00:00,2.9210000000000003,294,-38.69047619047617,4.461538461538462
2023-07-30 13:37:25.484000+00:00,2023-07-30 13:37:25.804000+00:00,0.32,137,-4.187604690117229,31.5
2023-07-30 13:37:34.004000+00:00,2023-07-30 13:37:37.525000+00:00,3.521,223,-32.986111111111114,2.1
2023-07-30 13:37:41.164000+00:00,2023-07-30 13:37:42.604000+00:00,1.44,187,-11.111111111111143,15.375
2023-07-30 13:37:49.525000+00:00,2023-07-30 13:37:51.325000+00:00,1.8,282,-17.361111111111114,15.625
2023-07-30 13:37:58.725000+00:00,2023-07-30 13:38:01.484000+00:00,2.759,270,-25.51612154952447,8.125
2023-07-30 13:38:02.244000+00:00,2023-07-30 13:38:02.244000+00:00,0.0,143,-3.472222222222232,48.0
2023-07-30 13:38:04.365000+00:00,2023-07-30 13:38:04.365000+00:00,0.0,164,-3.4722222222221877,39.0
2023-07-30 13:38:08.244000+00:00,2023-07-30 13:38:10.765000+00:00,2.521,221,-31.94444444444443,7.3
2023-07-30 13:38:14.844000+00:00,2023-07-30 13:38:14.844000+00:00,0.0,215,-5.208333333333348,56.0
2023-07-30 13:38:27.884000+00:00,2023-07-30 13:38:28.444000+00:00,0.56,309,-4.960317460317449,79.0
2023-07-30 13:38:32.445000+00:00,2023-07-30 13:38:36.365000+00:00,3.92,304,-31.859816806053352,5.0
2023-07-30 13:38:36.805000+00:00,2023-07-30 13:38:36.805000+00:00,0.0,66,-3.9682539682539666,13.0
2023-07-30 13:38:38.205000+00:00,2023-07-30 13:38:38.885000+00:00,0.68,72,-2.9761904761904843,3.0
2023-07-30 13:38:47.764000+00:00,2023-07-30 13:38:51.445000+00:00,3.681,269,-41.49377593360996,6.75
2023-07-30 13:38:51.965000+00:00,2023-07-30 13:38:51.965000+00:00,0.0,63,-2.3148148148148118,13.0
2023-07-30 13:39:03.525000+00:00,2023-07-30 13:39:04.845000+00:00,1.32,305,-10.416666666666696,60.857142857142854
2023-07-30 13:39:18.005000+00:00,2023-07-30 13:39:20.804000+00:00,2.799,289,-36.70634920634921,3.75
2023-07-30 13:39:22.285000+00:00,2023-07-30 13:39:22.525000+00:00,0.24,130,-2.9761904761904843,31.0
2023-07-30 13:39:25.205000+00:00,2023-07-30 13:39:25.205000+00:00,0.0,164,-3.4722222222221877,44.0
2023-07-30 13:39:30.565000+00:00,2023-07-30 13:39:33.285000+00:00,2.7199999999999998,249,-37.5,7.083333333333333
2023-07-30 13:39:33.804000+00:00,2023-07-30 13:39:34.004000+00:00,0.2,112,-3.4722222222222174,5.0
2023-07-30 13:39:34.564000+00:00,2023-07-30 13:39:34.564000+00:00,0.0,106,-2.3148148148148215,35.0
2023-07-30 13:39:38.165000+00:00,2023-07-30 13:39:39.605000+00:00,1.44,190,-13.888888888888884,16.857142857142858
2023-07-30 13:39:46.565000+00:00,2023-07-30 13:39:48.405000+00:00,1.8399999999999999,284,-15.625,21.625
2023-07-30 13:39:55.805000+00:00,2023-07-30 13:39:58.805000+00:00,3.0,277,-40.50925925925926,9.538461538461538
2023-07-30 13:40:01.605000+00:00,2023-07-30 13:40:01.885000+00:00,0.28,155,-5.208333333333326,29.5
2023-07-30 13:40:05.685000+00:00,2023-07-30 13:40:07.965000+00:00,2.2800000000000002,218,-31.25,4.0
2023-07-30 13:40:12.245000+00:00,2023-07-30 13:40:12.245000+00:00,0.0,215,-3.47222222222221,61.0
2023-07-30 13:40:24.525000+00:00,2023-07-30 13:40:25.245000+00:00,0.72,306,-7.8125,67.0
2023-07-30 13:40:29.645000+00:00,2023-07-30 13:40:34.045000+00:00,4.4,302,-30.0925925925926,7.222222222222222
2023-07-30 13:40:35.645000+00:00,2023-07-30 13:40:36.285000+00:00,0.64,73,-5.208333333333348,1.5
2023-07-30 13:40:45.285000+00:00,2023-07-30 13:40:48.965000+00:00,3.68,271,-28.472222222222214,7.923076923076923
2023-07-30 13:40:49.565000+00:00,2023-07-30 13:40:49.565000+00:00,0.0,64,-2.604166666666663,20.0
2023-07-30 13:41:01.605000+00:00,2023-07-30 13:41:02.285000+00:00,0.68,306,-6.944444444444464,67.75
2023-07-30 13:41:14.365000+00:00,2023-07-30 13:41:14.365000+00:00,0.0,313,-2.32450023245003,99.0
2023-07-30 13:41:14.805000+00:00,2023-07-30 13:41:18.045000+00:00,3.24,311,-32.40740740740742,8.266666666666667
2023-07-30 13:41:19.845000+00:00,2023-07-30 13:41:19.845000+00:00,0.0,136,-2.3148148148148215,32.0
2023-07-30 13:41:22.245000+00:00,2023-07-30 13:41:22.245000+00:00,0.0,165,-2.314814814814792,43.0
2023-07-30 13:41:22.765000+00:00,2023-07-30 13:41:22.765000+00:00,0.0,161,-3.472222222222232,50.0
2023-07-30 13:41:27.566000+00:00,2023-07-30 13:41:31.845000+00:00,4.279,248,-27.77777777777778,11.733333333333333
2023-07-30 13:41:35.205000+00:00,2023-07-30 13:41:36.445000+00:00,1.24,189,-8.333333333333321,22.857142857142858
2023-07-30 13:41:36.805000+00:00,2023-07-30 13:41:37.045000+00:00,0.24,160,-5.208333333333348,41.5
2023-07-30 13:41:43.645000+00:00,2023-07-30 13:41:45.045000+00:00,1.4,274,-16.20370370370369,30.833333333333332
2023-07-30 13:41:52.605000+00:00,2023-07-30 13:41:55.565000+00:00,2.96,285,-33.73015873015872,12.666666666666666
2023-07-30 13:41:58.205000+00:00,2023-07-30 13:41:58.205000+00:00,0.0,166,-2.3148148148148215,46.0
2023-07-30 13:42:02.285000+00:00,2023-07-30 13:42:04.125000+00:00,1.8399999999999999,220,-29.513888888888882,1.0
2023-07-30 13:42:04.525000+00:00,2023-07-30 13:42:04.765000+00:00,0.24,133,-4.629629629629643,19.0
2023-07-30 13:42:07.846000+00:00,2023-07-30 13:42:08.725000+00:00,0.879,212,-3.483106931382781,50.75
2023-07-30 13:42:21.206000+00:00,2023-07-30 13:42:21.486000+00:00,0.28,314,-4.960317460317449,63.5
2023-07-30 13:42:22.045000+00:00,2023-07-30 13:42:22.765000+00:00,0.72,301,-5.952380952380918,83.5
2023-07-30 13:42:26.366000+00:00,2023-07-30 13:42:30.485000+00:00,4.119,303,-43.98148148148149,3.5555555555555554
2023-07-30 13:42:32.446000+00:00,2023-07-30 13:42:32.926000+00:00,0.48,73,-4.326756663205263,0.3333333333333333
2023-07-30 13:42:41.965000+00:00,2023-07-30 13:42:45.365000+00:00,3.4,270,-36.45833333333335,1.2
2023-07-30 13:42:58.125000+00:00,2023-07-30 13:42:59.046000+00:00,0.921,308,-4.629629629629643,84.75
2023-07-30 13:43:00.206000+00:00,2023-07-30 13:43:00.206000+00:00,0.0,292,-4.629629629629603,72.0
2023-07-30 13:43:11.565000+00:00,2023-07-30 13:43:14.806000+00:00,3.241,308,-37.500000000000036,5.384615384615385
2023-07-30 13:43:16.205000+00:00,2023-07-30 13:43:16.205000+00:00,0.0,130,-3.968253968253979,38.0
2023-07-30 13:43:19.166000+00:00,2023-07-30 13:43:19.166000+00:00,0.0,163,-3.472222222222203,51.0
2023-07-30 13:43:24.245000+00:00,2023-07-30 13:43:27.166000+00:00,2.9210000000000003,252,-29.166666666666643,0.38461538461538464
2023-07-30 13:43:27.726000+00:00,2023-07-30 13:43:28.166000+00:00,0.44,112,-3.858024691358026,5.666666666666667
2023-07-30 13:43:32.006000+00:00,2023-07-30 13:43:33.166000+00:00,1.16,181,-13.8888888888889,11.5
2023-07-30 13:43:39.726000+00:00,2023-07-30 13:43:43.765000+00:00,4.039,286,-17.361111111111114,15.055555555555555
2023-07-30 13:43:44.405000+00:00,2023-07-30 13:43:44.405000+00:00,0.0,166,-2.9761904761904843,37.0
2023-07-30 13:43:50.605000+00:00,2023-07-30 13:43:52.966000+00:00,2.3609999999999998,262,-23.611111111111107,5.636363636363637
2023-07-30 13:43:53.286000+00:00,2023-07-30 13:43:53.286000+00:00,0.0,146,-5.208333333333304,39.0
2023-07-30 13:43:56.285000+00:00,2023-07-30 13:43:56.285000+00:00,0.0,159,-2.7777777777777857,42.0
2023-07-30 13:44:00.766000+00:00,2023-07-30 13:44:03.085000+00:00,2.319,220,-29.76190476190474,9.8
2023-07-30 13:44:06.446000+00:00,2023-07-30 13:44:06.806000+00:00,0.36,196,-6.172839506172838,28.0
2023-07-30 13:44:07.846000+00:00,2023-07-30 13:44:07.846000+00:00,0.0,180,-2.777777777777768,48.0
2023-07-30 13:44:20.326000+00:00,2023-07-30 13:44:22.286000+00:00,1.96,309,-8.680555555555625,46.333333333333336
2023-07-30 13:44:26.206000+00:00,2023-07-30 13:44:30.766000+00:00,4.5600000000000005,285,-33.564814814814795,7.333333333333333
2023-07-30 13:44:32.686000+00:00,2023-07-30 13:44:32.686000+00:00,0.0,72,-3.1565656565656575,0.0
2023-07-30 13:44:33.006000+00:00,2023-07-30 13:44:33.246000+00:00,0.24,69,-3.47222222222221,17.0
2023-07-30 13:44:41.966000+00:00,2023-07-30 13:44:45.606000+00:00,3.64,272,-32.54300325430033,1.6470588235294117
2023-07-30 13:44:46.126000+00:00,2023-07-30 13:44:46.126000+00:00,0.0,66,-3.472222222222232,19.0
2023-07-30 13:44:57.366000+00:00,2023-07-30 13:44:58.846000+00:00,1.48,307,-8.680555555555536,66.42857142857143
2023-07-30 13:45:00.206000+00:00,2023-07-30 13:45:00.206000+00:00,0.0,281,-4.629629629629643,61.0
2023-07-30 13:45:11.646000+00:00,2023-07-30 13:45:15.086000+00:00,3.44,307,-25.0,5.25
2023-07-30 13:45:16.206000+00:00,2023-07-30 13:45:16.206000+00:00,0.0,124,-2.7777777777777857,20.0
2023-07-30 13:45:16.886000+00:00,2023-07-30 13:45:16.886000+00:00,0.0,120,-2.310002310002302,41.0
2023-07-30 13:45:25.046000+00:00,2023-07-30 13:45:27.966000+00:00,2.92,245,-24.999999999999964,3.0714285714285716
2023-07-30 13:45:28.526000+00:00,2023-07-30 13:45:28.526000+00:00,0.0,113,-2.3148148148148118,25.0
2023-07-30 13:45:33.086000+00:00,2023-07-30 13:45:34.406000+00:00,1.32,169,-6.944444444444429,8.571428571428571
2023-07-30 13:45:41.006000+00:00,2023-07-30 13:45:42.726000+00:00,1.72,270,-23.611111111111143,7.75
2023-07-30 13:45:43.247000+00:00,2023-07-30 13:45:43.247000+00:00,0.0,193,-6.944444444444464,44.0
2023-07-30 13:45:50.966000+00:00,2023-07-30 13:45:54.086000+00:00,3.12,284,-29.51388888888893,14.428571428571429
2023-07-30 13:45:56.167000+00:00,2023-07-30 13:45:56.167000+00:00,0.0,169,-2.7639579878385927,46.0
2023-07-30 13:46:00.286000+00:00,2023-07-30 13:46:02.606000+00:00,2.32,228,-26.851851851851848,9.555555555555555
2023-07-30 13:46:06.886000+00:00,2023-07-30 13:46:07.086000+00:00,0.2,215,-5.555555555555571,42.0
2023-07-30 13:46:19.206000+00:00,2023-07-30 13:46:19.606000+00:00,0.4,311,-8.101851851851846,55.0
2023-07-30 13:46:20.006000+00:00,2023-07-30 13:46:20.286000+00:00,0.28,295,-5.787037037037024,63.5
2023-07-30 13:46:24.606000+00:00,2023-07-30 13:46:28.566000+00:00,3.96,298,-34.72222222222223,7.875
2023-07-30 13:46:30.007000+00:00,2023-07-30 13:46:30.007000+00:00,0.0,73,-3.47222222222221,8.0
2023-07-30 13:46:30.846000+00:00,2023-07-30 13:46:31.046000+00:00,0.2,67,-2.7777777777777857,2.5
2023-07-30 13:46:40.286000+00:00,2023-07-30 13:46:43.487000+00:00,3.201,234,-32.738095238095255,0.16666666666666666
2023-07-30 13:46:55.887000+00:00,2023-07-30 13:46:56.167000+00:00,0.28,307,-6.944444444444438,69.5
2023-07-30 13:46:56.567000+00:00,2023-07-30 13:46:56.567000+00:00,0.0,293,-6.944444444444464,73.0
2023-07-30 13:47:08.206000+00:00,2023-07-30 13:47:08.206000+00:00,0.0,313,-2.7777777777777857,100.0
2023-07-30 13:47:09.287000+00:00,2023-07-30 13:47:12.606000+00:00,3.319,310,-35.98484848484848,17.0
2023-07-30 13:47:22.407000+00:00,2023-07-30 13:47:25.966000+00:00,3.559,229,-34.722222222222186,2.8333333333333335
2023-07-30 13:47:29.447000+00:00,2023-07-30 13:47:30.926000+00:00,1.479,192,-8.101851851851846,16.166666666666668
2023-07-30 13:47:31.366000+00:00,2023-07-30 13:47:31.366000+00:00,0.0,156,-5.555555555555536,43.0
2023-07-30 13:47:37.766000+00:00,2023-07-30 13:47:39.326000+00:00,1.56,283,-14.756944444444464,18.833333333333332
2023-07-30 13:47:39.766000+00:00,2023-07-30 13:47:39.766000+00:00,0.0,220,-6.944444444444464,53.0
2023-07-30 13:47:47.566000+00:00,2023-07-30 13:47:49.287000+00:00,1.721,240,-34.50655624568669,0.5
2023-07-30 13:47:49.927000+00:00,2023-07-30 13:47:49.927000+00:00,0.0,145,-8.680555555555557,21.0
2023-07-30 13:47:52.526000+00:00,2023-07-30 13:47:52.526000+00:00,0.0,163,-2.7777777777777857,35.0
2023-07-30 13:47:56.287000+00:00,2023-07-30 13:47:58.286000+00:00,1.999,225,-27.777777777777768,13.125
2023-07-30 13:47:58.766000+00:00,2023-07-30 13:47:58.766000+00:00,0.0,133,-2.7777777777777857,5.0
2023-07-30 13:48:02.767000+00:00,2023-07-30 13:48:02.767000+00:00,0.0,218,-3.9682539682539537,52.0
2023-07-30 13:48:15.287000+00:00,2023-07-30 13:48:15.567000+00:00,0.28,311,-6.944444444444438,56.0
2023-07-30 13:48:15.927000+00:00,2023-07-30 13:48:16.327000+00:00,0.4,298,-6.9444444444445,56.0
2023-07-30 13:48:20.846000+00:00,2023-07-30 13:48:25.526000+00:00,4.68,294,-29.040404040404027,2.3333333333333335
2023-07-30 13:48:27.487000+00:00,2023-07-30 13:48:28.207000+00:00,0.72,49,-3.472222222222225,9.0
2023-07-30 13:48:33.846000+00:00,2023-07-30 13:48:35.167000+00:00,1.321,122,-12.5,14.2
2023-07-30 13:48:39.766000+00:00,2023-07-30 13:48:44.087000+00:00,4.321,79,-10.912698412698411,0.0
2023-07-30 13:49:00.206000+00:00,2023-07-30 13:49:00.206000+00:00,0.0,0,-2.5252525252525255,1.0
2023-07-30 13:49:10.887000+00:00,2023-07-30 13:49:10.887000+00:00,0.0,0,-2.7777777777777777,1.0
2023-07-30 13:49:14.247000+00:00,2023-07-30 13:49:14.247000+00:00,0.0,0,-2.7777777777777777,2.0
2023-07-30 13:49:15.207000+00:00,2023-07-30 13:49:15.207000+00:00,0.0,0,-3.4722222222222223,2.0
2023-07-30 13:49:56.647000+00:00,2023-07-30 13:50:04.207000+00:00,7.5600000000000005,0,0.0,0.0
2023-07-30 13:50:44.647000+00:00,2023-07-30 14:27:45.774000+00:00,2221.127,0,0.0,99.98793727382389
2023-07-30 14:27:47.054000+00:00,2023-07-30 14:28:50.095000+00:00,63.041,0,0.0,100.0
